event_time;action;actor;target_user;result;system;source
2025-01-08 18:35:56;DISABLE_ACCOUNT;tech_ot;tech_ot;OK;MAIL-01;PAM
2025-01-09 19:49:24;CREATE_ACCOUNT;tech_ot;tech_ot;FAIL;DC-01;AD
2025-01-08 10:11:31;GROUP_REMOVE;svc_backup;smirnov_iv;FAIL;DC-01;AD
2025-01-09 18:32:01;PASSWORD_RESET;sokolov_pp;svc_backup;OK;FS-01;IAM
2025-01-08 15:47:47;DISABLE_ACCOUNT;smirnov_iv;smirnov_iv;FAIL;FS-01;AD
2025-01-08 19:39:50;LOGIN_SUCCESS;sokolov_pp;admin_it;OK;APP-ERP-01;PAM
2025-01-09 10:23:38;LOGIN_SUCCESS;svc_backup;petrova_ns;OK;APP-ERP-01;PAM
2025-01-10 01:51:01;ACCOUNT_LOCK;admin_it;kuznetsova_oa;FAIL;JUMP-01;PAM
2025-01-09 15:39:01;DISABLE_ACCOUNT;petrova_ns;smirnov_iv;FAIL;APP-ERP-01;AD
2025-01-09 19:20:23;LOGIN_SUCCESS;svc_backup;tech_ot;FAIL;DC-01;AD
2025-01-08 16:27:19;ACCOUNT_LOCK;tech_ot;svc_backup;OK;DC-01;IAM
2025-01-08 08:04:31;GROUP_ADD;smirnov_iv;svc_backup;FAIL;DC-01;PAM
2025-01-08 13:46:34;DISABLE_ACCOUNT;smirnov_iv;smirnov_iv;OK;DC-01;PAM
2025-01-10 04:24:35;GROUP_REMOVE;svc_backup;kuznetsova_oa;OK;DC-01;AD
2025-01-10 03:36:23;PASSWORD_RESET;smirnov_iv;tech_ot;FAIL;MAIL-01;AD
2025-01-08 11:51:54;GROUP_REMOVE;kuznetsova_oa;admin_it;OK;FS-01;PAM
2025-01-08 21:31:17;GROUP_REMOVE;tech_ot;petrova_ns;OK;MAIL-01;IAM
2025-01-09 19:05:34;LOGIN_FAIL;petrova_ns;admin_it;OK;FS-01;IAM
2025-01-09 19:31:45;GROUP_REMOVE;tech_ot;svc_backup;OK;DC-01;IAM
2025-01-09 04:35:14;LOGIN_FAIL;smirnov_iv;petrova_ns;FAIL;APP-ERP-01;IAM
2025-01-09 08:21:18;PASSWORD_RESET;sokolov_pp;smirnov_iv;OK;JUMP-01;IAM
2025-01-08 20:00:19;DISABLE_ACCOUNT;tech_ot;svc_backup;FAIL;APP-ERP-01;PAM
2025-01-09 09:22:04;LOGIN_FAIL;kuznetsova_oa;smirnov_iv;OK;FS-01;IAM
2025-01-08 13:28:01;LOGIN_SUCCESS;ivanov_aa;svc_backup;OK;MAIL-01;AD
2025-01-08 16:35:02;DISABLE_ACCOUNT;kuznetsova_oa;ivanov_aa;FAIL;APP-ERP-01;AD
2025-01-09 15:59:19;LOGIN_SUCCESS;admin_it;svc_backup;FAIL;APP-ERP-01;PAM
2025-01-09 08:21:15;GROUP_ADD;smirnov_iv;petrova_ns;FAIL;APP-ERP-01;PAM
2025-01-09 04:40:06;DISABLE_ACCOUNT;svc_backup;petrova_ns;FAIL;APP-ERP-01;AD
2025-01-09 12:36:13;DISABLE_ACCOUNT;tech_ot;sokolov_pp;OK;JUMP-01;AD
2025-01-08 14:58:32;CREATE_ACCOUNT;svc_backup;tech_ot;FAIL;FS-01;IAM
2025-01-08 16:05:48;ACCOUNT_LOCK;tech_ot;tech_ot;OK;DC-01;PAM
2025-01-09 13:43:12;GROUP_REMOVE;sokolov_pp;smirnov_iv;FAIL;DC-01;AD
2025-01-09 17:20:06;GROUP_ADD;admin_it;kuznetsova_oa;OK;JUMP-01;AD
2025-01-09 17:14:44;PASSWORD_RESET;tech_ot;svc_backup;OK;FS-01;AD
2025-01-08 11:55:10;GROUP_ADD;admin_it;petrova_ns;OK;DC-01;AD
2025-01-08 11:42:34;GROUP_ADD;svc_backup;svc_backup;FAIL;APP-ERP-01;IAM
2025-01-08 15:14:33;CREATE_ACCOUNT;ivanov_aa;ivanov_aa;FAIL;FS-01;AD
2025-01-08 18:06:04;LOGIN_FAIL;petrova_ns;petrova_ns;FAIL;APP-ERP-01;IAM
2025-01-08 21:29:44;DISABLE_ACCOUNT;admin_it;tech_ot;OK;JUMP-01;AD
2025-01-08 19:27:56;CREATE_ACCOUNT;ivanov_aa;svc_backup;OK;DC-01;PAM
2025-01-08 16:48:19;GROUP_ADD;sokolov_pp;svc_backup;FAIL;JUMP-01;AD
2025-01-08 08:30:37;ACCOUNT_LOCK;petrova_ns;ivanov_aa;OK;FS-01;AD
2025-01-09 18:32:17;GROUP_ADD;tech_ot;admin_it;FAIL;MAIL-01;PAM
2025-01-09 20:45:31;GROUP_ADD;admin_it;smirnov_iv;OK;FS-01;PAM
2025-01-09 14:13:45;GROUP_REMOVE;petrova_ns;kuznetsova_oa;FAIL;MAIL-01;AD
2025-01-09 16:47:15;LOGIN_SUCCESS;petrova_ns;petrova_ns;OK;JUMP-01;AD
2025-01-08 11:55:12;GROUP_ADD;admin_it;petrova_ns;OK;DC-01;AD
2025-01-09 23:37:19;LOGIN_SUCCESS;ivanov_aa;petrova_ns;FAIL;MAIL-01;AD
2025-01-09 14:43:33;CREATE_ACCOUNT;svc_backup;tech_ot;FAIL;FS-01;IAM
2025-01-10 07:00:49;GROUP_REMOVE;tech_ot;smirnov_iv;OK;APP-ERP-01;PAM
2025-01-08 19:02:57;PASSWORD_RESET;ivanov_aa;petrova_ns;FAIL;MAIL-01;AD
2025-01-09 01:10:03;ACCOUNT_LOCK;kuznetsova_oa;svc_backup;OK;APP-ERP-01;AD
2025-01-10 00:02:49;LOGIN_FAIL;ivanov_aa;admin_it;FAIL;APP-ERP-01;PAM
2025-01-10 04:28:10;ACCOUNT_LOCK;petrova_ns;sokolov_pp;FAIL;APP-ERP-01;IAM
2025-01-09 14:12:41;LOGIN_FAIL;kuznetsova_oa;kuznetsova_oa;OK;DC-01;PAM
2025-01-10 02:38:41;GROUP_ADD;sokolov_pp;kuznetsova_oa;FAIL;JUMP-01;AD
2025-01-10 04:57:52;DISABLE_ACCOUNT;admin_it;svc_backup;OK;APP-ERP-01;AD
2025-01-09 20:19:48;PASSWORD_RESET;tech_ot;tech_ot;OK;JUMP-01;PAM
2025-01-09 13:48:37;GROUP_ADD;admin_it;tech_ot;FAIL;JUMP-01;IAM
2025-01-10 02:17:31;GROUP_REMOVE;tech_ot;smirnov_iv;FAIL;MAIL-01;IAM
2025-01-08 17:41:32;CREATE_ACCOUNT;sokolov_pp;petrova_ns;FAIL;JUMP-01;PAM
2025-01-09 05:34:57;GROUP_ADD;tech_ot;ivanov_aa;OK;DC-01;PAM
